JobID,Title,State
634022,Personal Banker - 1 Yr Retail Sales Exp,OH
97663,Technical Writer,CA
488816,SCG Entitlements Analyst,NY
881628,Senior Graphic Designer,IL
1038280,Management-Sales-Training Provided,OH
1079918,MECHANICAL MAINTENANCE,IA
387093,Trainee Hourly,IL
182196,Outside Sales Representative - Business Service Sales Executive,MT
911041,Helper,LA
338272,Guest Services Representative / Front Desk / Customer Service,VA
983198,general labor,OH
279596,Sales,TX
838371,Controller Opportunity in NW Houston,TX
379146,Loan Implementation-Conversion Analyst,FL
341970,Sr. Corporate Income Tax Analyst,NY
904422,"Service Technician (8N) - Raleigh, NC",NC
914016,Quality Assurance Tech I,WA
478040,Call Center Operations Manager (Customer Service),WA
317343,Customer Service Representatives $17.50-$23 per hr.,GA
359998,Own Your Own Franchise!,MA
675338,2 SW Algorithm Engineers,MA
942028,Outside Sales Macon (266-480),GA
455993,SALES,KS
92910,Insurance Sales Agent / Insurance Sales Representative,OH
905410,CNC Programmer / Machinist,CA
318385,Internal Audit Manager - Capital Markets,NY
559338,Project Manager II,AR
645201,Senior Accountant Great Opportunity!,IL
287204,Installation Technician,AZ
717537,Business Analyst,PA
75066,Altiris administrator,GA
978975,Lead GMP Auditor,WA
109203,IT Program Director,OH
95780,Sales Agent / Management / Business Ownership Opportunity,FL
819547,"ADVERTISING, CUSTOMER SERVICE & MANAGERS**PR DEPT HIRING!",CT
511930,Test Center Manager,DC
814988,Office Assistant,FL
709208,RN - Complex Care Specialist,TX
717578,P&H Mining - Boring Bar Machinist,WI
75946,Truck Driver - CDL Driver Training - Truck Driving Jobs,CA
508616,"CDL-A Flatbed Drivers Sign-On Bonus $5,000!",OH
871035,Purchasing-Semiconductors & Electronics,NY
1081767,Customer Service Support Coordinator,IN
416477,Pro-E or Solidworks Tool Designer,MI
712297,Account Manager,GA
575608,Account Relationship Associate Senior,WI
757959,Lead Supplier Quality Engineer,MN
633132,Area Store Mechanic,TX
112237,Claims-Invoice Specialist,MN
164266,**GRAND OPENING** New Location has ENTRY LEVEL POSITIONS,CA
189188,"Technical Support Specialist- Helpdesk- Houston, TX",TX
1005896,Foreman - Underground Mine,KY
1012366,Production Coordinator,MI
678495,Interactive Web Designer,WI
40660,Sales Account Manager,CA
835431,Accountant,FL
190449,Windows Server System Engineer,MN
214693,Warehouse Supervisor,GA
357512,Route Service Professional (379-910 - Bill S - Worcester(PC)),MA
246612,"City of Haltom City 5024 Broadway Avenue Haltom City,",TX
951405,Early Childhood Gymboree Teacher,NJ
668766,Physical Therapist PT,OR
985208,Assembly / Production,MN
389502,Data Analyst,CA
848531,Assembly,WA
500974,TRUCK DRIVER CDL A,MI
351184,Physical Therapist - PT,NJ
352471,C# .NET Developer,MA
529681,Rental Sales Agent--Columbus,IN
169226,Data Analyst,CO
925124,Patient Coordinator,ME
977925,Financial Advisor,AK
618716,Network or Circuit Tester,KS
166546,Project Assistant,CA
113315,Mail Room Sorter,AZ
379823,District Office Administrator,OR
179538,Quality Assurance Engineer,CA
472663,RN - JFK Internal Medicine - Palm Beach County,FL
242679,HR Director,WA
50266,Medical Assistant / NCT X-Ray - PRN,TX
485333,Sales - Sales Management (Sales and Marketing),OH
346457,C.N.A. - Memory Care - Part Time Sunday and Monday 2 PM to 10 PM,UT
856108,Accounting Clerk,NJ
345183,Operations Manager,NC
348115,Payment Verification Specialist,WI
813689,UI/UX Business Analyst,CA
1048901,Bilingual Medical Assistants NEEDED - NW & SE Houston,TX
663254,Personal Lines Producer – San Francisco,CA
1078620,Obstetrical Registered Nurse – Maternal Child,KY
817878,MANUFACTURING ENGINEER,IL
1083489,Director of Nursing Services,IL
602591,MEDICAL DEVICE & SPECIALTY PHARMA SALES ** 100k +,OH
616083,EHR System/IT Trainer - Oncology,AZ
673450,DIRECT SALES REPRESENTATIVE,IL
247642,Database Administrator,VA
344818,Corporate Recruiter - Sales,TX
689222,Report Writer,CA
24528,Senior .Net Application Developer,IN
890745,Automotive / Service Secretary,NY
478851,Class A CDL Owner Operator,GA
716814,Heavy Equipment Corporate Trainer,MA
984248,Front End Java Developer,NJ
359995,Own Your Own Franchise!,ID
565564,Nurse Consultant - Corpus Christi,TX
380441,RETAIL REPRESENTATIVE-VA V/WV (Bonsack 10896),VA
87154,R_Orderfiller - Breakpack,IN
109158,District Manager,TN
1097097,Quality Inspector,CA
766615,Administrative Assistant,LA
1000688,Project Coordinator - Telecommunications,KS
569963,Customer Care Associate,OR
63768,Parts Counter Sales,IL
118664,SQL Server DBA,NJ
131249,Senior Accounting Assistant,MN
520603,Education,FL
746779,Assistant Manager - Bi-lingual,CA
619502,Informatica Developer,MO
733367,TEACHER,IL
324726,"Registered Nurse, Med Surg - Full Time/Days -- Kindred Los Angel",CA
891158,"Physical Therapist - PT - Up to $20,000 Sign On Bonus!",TX
466756,Human Resources Assistant,CA
342902,Security Officer I,MN
189697,Licensed Counselor/Mental Health Social Worker,FL
663734,Jani-King Franchise Business Opportunity,CA
365025,Lubrication Maintenance Technician –Industrial Food Lab Mechanic,IA
1015073,Full-Charge Accounting Manager,MD
630715,Manufacturing A large Beverage Manufacturer located in,DE
512207,Nursing Home Adminsitrator,PA
770613,100% Commission Sales Representative / Account Manager,VA
950710,Appointment Coordinator Needed ASAP at Luxury Auto Dealer,IL
485657,Site Superintendent,OH
908023,Traffic Coordinator,TX
499785,Quality Assurance Analyst - Contract-Perm,MO
195339,Registered Nurses - ICU & Med/Surg,TX
914675,Programmer Analyst,WI
976215,"Customer Service Representative- Clayton, NC- 02565",NC
941734,Franchise - Business Opportunity - Sales,NJ
577906,LED Engineer/ Specialist - SB,FL
214203,Apartment Maintenance Technician,FL
555585,"Staffing Specialist - Anaheim, CA",CA
1011430,Sr. Business Analyst,MN
1023378,National Sales Manager,CA
181427,Marketing & Communication Specialist,WI
610518,Customer Service Representatives,DE
1077603,HIRING EVENT March 14 - Service Managers,CA
1045847,Satellite Technician,MO
522095,Hiring All Restaurant Positions - Server - Cook - Bartender,TX
590866,Process Engineer- Welding,MN
71690,Controller / Finance Manager,NY
569823,Great opportunity for a Sr. Software Developer!,NY
525416,Hospitality Sales Representative,AZ
1114102,B2B Call Center Agent,PA
772484,"Medical Assistant - Westside Primary Care Weston (Weston, FL)",FL
230269,IT and Office Services Assistant,IL
1076792,General Manager,NY
980943,Direct Support Professional / CAREGIVER,GA
182950,Customer Service - Sales Representative - Part Time Work,PA
768803,Project Coordinator,AZ
88922,Oracle Apex Specialist,NC
249859,Interactive/Web Developer for Professional Marketing Firm,AL
848639,HEAD INSERT,OH
10414,Bakers,NJ
25769,Automation Assembly Supervisor,IN
711952,Business Analyst,FL
957576,Exclusive Insurance Sales Agent-Outside Sales Account Executive,GA
824756,Senior Staff Engineer,CO
489005,Senior Java Developer,SC
82403,"Commercial Banking Relationship Manager - Solana Beach, CA-  120",CA
544188,"Specialist Fitness Store Lead - Des Moines, IA",IA
825925,Mobile Tool Sales / Franchise Distributor,MI
455889,Accounts Receivable Clerk,CA
1113624,Advanced Quality Planning Engineer,NC
960591,"Broker/Dealer, Sr. Analyst-  12004022",FL
1112863,Customer Service Representative,FL
738043,Shift Supervisor,NC
859316,Customer Service Representative,TN
343394,LVN,TX
1016300,Johnsonville Site IT Leader,TN
1065750,"DSR, Individual Direct Sales (Winback) Home Security, Dearborn H",MI
333078,Field Service Maintenance Technician - Part Time,NE
963591,Trainee Hourly,PA
292401,Independent Operator - Sales - Retail,WV
1005895,"Multiple Openings in Blair, NE",NE
893834,Avon Sales Representatives,NC
78351,Business Intelligence Architect,MI
167055,Construction Executive Assistant,CA
1109621,LPN,IA
373539,Service Mechanic,KS
3461,"Macy's City Creek Center, Salt Lake City, UT: Retail Cosmetics S",UT
1015481,Management,SC
648046,Benefit Educator – English and/or Bilingual,OH
846324,RN; Full-time; 7p-7a; Transitional Care Unit; Norton Audubon Hos,KY
759181,Director of Admissions,FL
451002,Sales Analyst,IN
687579,Trainee Hourly,ID
861329,Sr. IT Project Manager - CD&RA,NY
186970,Director of Sales Energy Industry,TX
962118,Sr Software Development Engr,NE
1081433,Engineer 1 - NEEDED NOW!!,IL
818044,Medical Receptionist/Medical Assistant,FL
561970,QUALITY ENGINEER - AS9100,WA
477839,Mechanical Engineer V (Mechanical Designer),TX
821803,"Production Chemist I, 2nd shift (temporary)",CA
878920,Overhead Crane Installation Foreman,SC
734199,Account Executive,FL
1108019,Sales - Executive - Business Development,NV
1045515,Microstrategy Developer,PA
912466,CONSUMER CARE & COMMUNICATIONS MANAGER,IL
984077,Production Assembly,CA
88724,Lab Tech 145018,OR
156679,Mass Marketing Sales Representative,IN
6886,Engineer Test Technician,TN
300560,PHONE AGENTS - Earn $500/wk,FL
982794,Loan Processor / Production,MD
1003012,"Manager, Technical Transfer",IN
921952,HOUSEKEEPING/ JANITORIAL AND SKILLED MAINTENANCE WORKERS,NY
930414,Customer Service / Sales -  Experience Wanted - Full Time,UT
762736,National Account Manager,FL
170744,Sales Representative / Account Executive / Commission Based,WI
275684,$ Entry-Level Sales Professional $,PA
925014,Product Engineer,MI
243891,Escrow Assistant,CA
352249,International Quality Control Manager,CO
1008206,Clinical Staff Pharmacist,ND
305560,Manager Top Seller Support,CT
1025776,Mechanical Engineer,MA
1025333,Customer Care Professional Job Fair,FL
447,HOTEL LOBBY CONCIERGE Seeking outstanding service professionals,FL
1025005,Mgr Cont Svcs NAS,TN
856503,Accounting Clerk,TN
250488,Lead Interaction Designer,CA
1055644,"Payroll Processor / Admin. Assistant - Marlton, New Jersey",NJ
271478,Entry Level/ Customer Service/ Management,FL
1105907,Truck Driver - Entry-Level - Local CDL Training Available!,CA
232257,CARE PARTNER I FT DAY ON 9 SOUTH (CARDIOLOGY STEP-DOWN)-12050021,MO
1097647,Chief Operating Officer,DC
316802,Connection Center Sales Associates!,IL
461687,Finance: Commodities - Product Controller,TX
940258,Distribution Supervisor,TX
176548,Area Sales Representative Chicago & North Suburbs,IL
114211,Electrician,NJ
668927,Maintenance Supervisor,NY
838683,Senior Financial Analyst for Global CPG Company,NY
341066,Network LAN Engineer -,OH
166133,Data Centre Lead,IL
237817,Senior Cost Accountant,TX
306918,Quality Engineer,AZ
616085,"UGNX 5 / 7.5 Detailers, Designers, & Checkers",MI
730107,Customer Service Representative,TX
356033,Legal Service Consultant – Legal Consulting Sales Representative,TX
576197,Fund Accountant,MA
114132,Manufacturing Engineer,WA
999421,Customer Service Representative,OH
333510,Purchasing Project Manager,MN
335757,CDL-A Team Drivers,WY
702651,"Complex Business Development Manager, Non-Producing",MD
485167,MRI Technologist,CA
842142,Outreach Manager / Brand Building,AZ
749420,Registered Nurse Medical/Surgical .9 7p-7:30a SAH (12741),WA
706299,Cisco Network Engineer,WA
1107249,Franchise / Business Opportunity,IN
488936,Contact Center Operations Manager-Customer Support,CO
242895,"High Exposure Claims Manager - Orange, CA",CA
388965,QTP Automation Engineer,CA
112545,Technical Proposal Writer,VA
820039,EHR Division Clinical Specialist - CPOE (San Antonio Division),TX
712608,Tier 2 Help Desk,OK
450775,*Marketing and Advertising Analyst* *Entry Level*,PA
95423,Engineered Wood Designer (20120309),PA
170635,Sales / Immediate Hire / Call NOW! 877 288 7556,CA
221047,Maintenance Mechanic,CA
415774,Project Manager,NC
6665,Account Manager - Staffing Industry,TX
378566,Activities/Recreation Director,FL
1001187,"IS Plant Support Analyst - Clinton, MO",MO
395693,RN House Supervisor Weekend Day Shift $4000 Sign On Bonus,KS
786675,Receptionist & Assistant,FL
81261,College Admissions / Enrollment Advisor / Student Recruiter,NJ
927082,Retail Wireless Sales Consultant,CA
101403,Human Resources Manager,OH
206028,Production WOrker,IN
417508,RF Technician,DC
959390,Staff Accountant,IL
91898,Speech Pathologist Job,UT
933654,"Human Relations Manager- Horsham, PA",PA
897938,General Manager,IN
492113,Field Service Engineer - Emerson Delta V,IL
446449,Senior Financial Analyst,IL
112770,Sales Engineer,OR
902674,"Macy's Kenwood Towne Centre, Cincinnati, OH: Retail Sales Associ",OH
709350,Deli Clerk,CO
1039783,System Administrator - VMware - Immediate Contract,PA
687138,Trainee Hourly,AZ
531493,"Mortgage Banking LM Supervisor I (2pm-10:30pm) - San Diego, CA",CA
630681,Sales Manager,DE
97052,"Earn $50+ A Week, Part Time: Market Research: All Qualify",NJ
1029703,RMA Representative,CA
59674,Own Your Own Franchise!,FL
984374,Auto Loan Funder,CA
158759,Software Engineering Intern - Graduate Student,NY
378175,Executive Assistant,MI
88442,Entry Level Sales / Marketing -- Training Provided,NJ
499821,Customer Technical Services Engineer,OH
508663,Security & Control Engineer,MI
469359,Java Developer,PA
477866,LEBO Merchant - Promotional Products,WI
155767,Automotive Technician,MD
3906,"Macy's Jamestown, Florissant, MO: Sales Supervisor",MO
812734,"Senior IT Sales Representative – in Davenport, IA",IL
859359,Bilingual Customer Service Representative,GA
913609,"Manager of Accounting Policy, Fortune 1000 company",PA
765760,Accounting Supervisor,CT
995635,Business Systems Specialist,MD
181570,General and Administrative Support Office Management (Level 2) -,IN
480236,Engineering Recruiters,AZ
113246,Materials Planner (SAP),PA
36169,"Technology Sales Specialist - El Paso, TX (4716)",TX
1074630,Regional Account Manager - 4022,PA
863230,Software Developer,MI
697709,Menu Analyst,IN
20330,File Prep,VA
861217,"Ecommerce Analyst II, Strategic Partnerships",CO
113853,Database Admin,KS
94261,Technology Support Specialist,NC
702782,Complex Case Manager (RN),AZ
912989,Pharmacy Technician,ND
163588,Retail Sales Rep,TX
731353,"Software Engineer C#, Java, VIsual Studio",GA
413515,Perl/Unix Developer,FL
228675,Electrician,CA
905433,Warehouse and Production Workers,OH
650197,Business Analyst / Project Manager,TX
619408,IT Operations Enterprise Monitoring PM,WA
714272,Machinist,TX
10643,Manager Trainee,KS
36548,Sales Representative / Account Manager /  Customer Service,MD
113928,Recruiter/Sales Trainee,MI
884240,.Net / C# developer,NC
313495,Chief Executive Officer,MT
367495,Technical Support,NY
154086,Continous Improvement Director-Direct Hire,WI
182156,Immediate Need - Senior Accountant,CA
869065,"STORE MANAGER - BOWLING GREEN, KY",KY
909920,Restaurant Staff,NY
826692,Biomedical Technician I,SC
682413,Access Reporting Specialist (305845-759),NY
606850,Material Handler,CA
23854,HR Admin Assistant,TX
684988,Online Contract Instructor - Nursing,CA
345783,Licensed Practical Nurse/Licensed Vocational Nurse (LPN/LVN),WY
532341,TENET FL PHYSICIAN SRV - MEDICAL CODER III - DR. BAYRON - PLANTA,FL
742990,Citrix Engineer,TX
610811,Insurance Customer Service Representative,PA
813755,HEALTH SERVICES ADMINISTRATION INSTRUCTOR,FL
35202,"Medical Sales Representative, (Outside Sales)",TX
365143,Heavy Equipment Operator,NY
16101,Licensed Journeyman Electrician,CA
881771,Sr. Mine Engineer,NV
114944,Aircraft Painter,CA
798150,Sr Aircraft Technician,TX
667352,Analytical Chemist II,NY
626994,F&I Manager,NJ
37301,Entry Level Sales,PA
272009,Education-Tutoring-Math Learning Center Business Opportunity,GA
831794,Java Software Developer,NJ
898954,DIRECTOR OF LOGISTICS / SUPPLY CHAIN,NJ
984370,CNC Mill Machinist,MD
1048825,Assembly Line,AZ
610572,Medical Device Sales,NJ
25983,Deli Clerk,MD
305699,Information Systems Manager,NC
238351,Senior Accountant,FL
77518,Community Relations Specialist,LA
249570,Sales Agent with Base + Bonus & Benefits,IN
466579,General Office Clerk,NY
394945,Training & Development Program Manager,NC
50242,Sales Account Executive - 1-3 yrs of experience preferred,PA
17131,Alarm Installer / Technician,OH
1048100,"Nurse Practitioner - INSPIRIS - Cambridge and Watertown, MA",MA
385136,General Manager,PA
138831,Senior Reservoir Engineer - (EOR Waterflood),TX
1069543,Retail Assistant Manager,CA
1023070,Store Manager,NJ
218435,Account Representative,PA
97152,"Earn $50+ A Week, Part Time: Market Research: All Qualify",WI
1020979,Quality Assurance Specialist,MD
846255,Job Opportunities,TX
770026,Software Development Engineer,WA
963247,News Anchor/Reporter,TX
142252,"Store Manager in Training-Green Bay & Appleton Areas, WI",WI
139866,Jani-King Franchise Business Opportunity,NY
764108,ENTRY LEVEL POSITIONS FOR EXPANDING COMPANY -- NOW HIRING,WA
95930,"Lead Developer, Imaging Systems",TX
704436,"Customer Account Representative- # 1671 - Madison Heights, MI",MI
1030522,Drilling Engineer,CA
1074582,Branch Sales Professional-Benefits and Training Provided!!,OH
1014779,Hyperion Administrator,PA
70500,Licensed Practical Nurse - LPN - Full and Part time,NY
909444,Software QA Manager,DC
951561,Tax Certification Team Member,PA
189969,Electrical Mechanical Technician,MS
579050,Occupational Therapy Assistant - OTA,MN
766764,Attn: Recent College Grads put your talents to the test!!!,IN
1083053,"Geologist, Environmental Scientist, or Engineer - Mid Level",MA
1012866,Architect,GA
260602,Accounting Manager,IN
1016647,Bloomingdale's NYC; E-Commerce Merchandise Coordinator,NY
826511,Hiring!!! New Car Sales Associates Champion Chevrolet (Hwy6),TX
883077,"MS Exchange Architect, Virtual Office OK Job",MA
534714,Java Application Developer,FL
783197,Customer Service - Sales Representative - Part Time Work,UT
637935,Retail Wireless Sales Consultant,TX
602886,C.R. Dept. 5-10 Positions Available $15/hr to start,DE
773778,Account Executive,VA
597137,Registered Nurses (RNs),PA
191246,Technical Services_Process Optimization Scientist,CO
462039,Store Manager Lansing Michigan,MI
290533,Sales Representative / Automotive Sales,OK
341060,Senior Analyst/Windows Systems Admin/VMware -,MD
466632,Executive Administrative Assistant,TN
414023,Biligual Recruiter-Sales Trainee,CA
357162,Franchise - Business Opportunity - Sales,CA
170534,Regional Sales Representative,MI
327926,Teaching Principal,VT
784140,Tank Washer - Trucking / Transportation,LA
486943,Senior Research Associate,CT
109477,"Allstate Personal Financial Rep. in Salem, OR",OR
373930,Consultant - WMOS,GA
887239,Outside Sales Representative,NV
731606,Part Time Lobby/Consumer Lender Role,CO
249638,Regional Volunteer Coordinator,IL
386514,Loan Coordinator,NJ
221217,Retail Store Manager,CA
495461,Cashier/CSR Floater,KY
404865,Customer Account Representative - 'Now Accepting Applications fo,NY
93129,Sales / Franchise,CA
252997,ASC Administrator (Healthcare),NJ
944089,Own Your Own Franchise!,CA
230686,Java Developer,NJ
855826,Staff Accountant,TN
957719,Transportation Area Managers – Service Shop,TX
316197,"SALES CONSULTANTS Lafayette, Indiana area",IN
100522,Demand Planning Analyst II,CT
179914,Onsite Manager-Self Storage Facility,CA
248132,ADMINISTRATIVE ASSISTANT,TX
1085058,Staff Accountant,WA
937325,Real Estate Sales Associate,WV
93881,Front Desk Agent,CO
319030,System Engineer,OH
795006,Driver Manager,GA
963615,AP Manager in Training-WM,AR
14288,Production Manager,CA
238458,Senior Financial Analyst - GREAT BENEFITS w 4 Weeks Vacation,TX
163287,Data Entry Operator,GA
375427,Business/Systems Analyst,IL
983870,Sales Management Trainee,CA
634288,Mechanical OR Chemical Engineer,TX
11174,Software Engineer (C# or Java),NY
358518,Facilities Maintenance,TX
205547,Sales Representative,LA
626389,COMMUNITY DIRECTOR,FL
48350,National Pricing Manager,MO
542015,Senior Sales Associate,FL
662314,Infrastructure Project Manager,IL
561913,Accounts Payable Admin,IL
263814,Life Insurance Claims,TN
697810,Store Associate,LA
959840,Dining Room Manager,MN
160259,Store Sales Management (Manager in Training),FL
587464,Embroidery Franchise Business Owner Opportunity,NC
788966,"ADP Payroll Specialist - Phenomenal medical plan, stock options",FL
904849,Programmer Analyst,WI
397120,"Earn $50+ A Week, Part Time: Market Research: All Qualify",IL
617056,RN/LPN Staffing Coordinato/Evening Shift Supervisor,IN
245459,Customer Support Engineer,CA
328293,Inbound Sales Representative/Customer Service Representative,AZ
248285,Sales Representative and Manager Trainee,IN
291531,Nurse Practitioner/ Physician Assistant - PRN (Weekdays),FL
714276,Customer Service Representative,KS
715969,Technician,MI
675263,Oracle DBA 150484,CA
1097642,Warehouse Specialist,TN
973964,RN Admissions,TX
403032,CVT Supply Chain Planner 1 (Job ID: 148921),SC
201317,Maintenance Position,IN
410301,Part-time Customer Service Representative,KY
380347,Customer Service - NO Telemarketing - NO Nights / Weekends,FL
15370,Painter,MI
924251,Cisco Certifications-Take a free networking self-assessment,PA
758606,Jr. Accountant,CA
718076,Industrial Electrician,LA
300222,ACCOUNT EXECUTIVE,MD
977583,Recruiter,MD
849397,WAREHOUSE,MS
1028092,OR Circulator,TX
871023,HEALTH INFORMATION MANAGER 121417,TX
672792,"COMBO RIG WELDERS NEEDED IN ALVA, OKLAHOMA",TX
799997,Driver - Dedicated Truck Driver - Class A CDL,AL
61267,Human Resource Manager,VA
930828,Nurse Practitioner/Physician Assistant - Full Time,CT
828460,"RETAIL position available, PT, which may evolve into FT",CA
432032,Regional Sales Manager - Precious Metal Refining,NY
395546,NEPA Project Manager,PA
67066,Bilingual District Sales Manager - Bay Ridge,NY
413472,Diesel Mechanic,MD
218513,Account Representative,CA
1016625,"Bloomingdales.com, NYC: Analyst of Customer Experience",NY
115321,Inside Sales Representative,TX
1052496,Product Analyst,NJ
713507,Java J2ee Developer,VA
758250,"Specimen Processor in Knoxville, TN",TN
1068173,RN - LDRP - FULL TIME - DAYS - SIGN ON BONUS!!-1205002022,FL
820359,Office,FL
448378,Network Analyst- 2,WI
464476,Sales Team Leaders,NC
826590,Home Therapies Program Mgr(31),KY
86994,"Market Asset Protection Manager - Walmart (Mohegan Lake, NY)",NY
402198,Massachusetts- HHA/CNA - Private Duty,MA
407797,Sales Associate,NY
168872,"Instructional Designer, HR",AZ
830654,Administrative Specialist  - Wealth Management,WA
789174,Professional Sales Representative,CA
778427,"Business Developer/Maintenance-Belmont, MA",MA
869747,HR Coordinator/Manager - Must be fluent in English/Spanish,AZ
598381,Speech Language Pathologist / SLP - Innovative Senior Care,FL
673365,Business Systems Analyst - Data Analyst (C11-103 (ERP)),CA
791363,"Quality_ Manager, Quality Compliance",CO
147250,Chemist,MD
412581,Industrial Electrician,AL
314648,Store Co-Manager,NY
88567,Oracle DBA 150484,CA
511375,Epic Clarity Report Writer,IL
153080,"PARALEGAL -- Trusts, Tax, and Estate experience needed",PA
891868,Sales Representative / Automotive Sales / Internet Sales,NC
229528,"Supv, Customer Care (Denver, CO) 68302657",CO
103539,Shipping and Receiving Manager,CA
829328,"CommTech 1, Installation & Service Installer-Plymouth, MI (50108",MI
368258,Supply Chain Administrator,TN
313012,Software Systems Project Lead,MD
1083400,P/T Shift Supervisor: Seattle: Wed&Thurs 2230-0630 + On-Call,WA
877024,Insurance Agent - Sales,WI
503510,"Sales Reps, Sales Managers, Sales-Account Executives",AZ
1093265,Endoscopy Support Specialist,CA
251965,Information Security Consultant  - NEEDED NOW!!,GA
1107098,Business Opportunity - Sales - Management - Franchise,MN
190183,Installation Technician,WI
480120,Fundraising Coordinator,IL
802797,Career Opportunity - Sr. Programmer Analyst,TX
229580,"Communication Tech, Install & ServiceSilver Spring",MD
407782,Maintenance Technician - Mechanical (5342),MI
378152,Dental Product Manager,OH
159776,Automotive Technician ASE Preferred,FL
558632,Java Developer / or C++ Developer,NC
221783,"Panda Express is Hiring Service & Kitchen Team For Gallatin, TN!",TN
942400,Technical Business Analyst,MA
787686,Licensed Practical Nurses - LPN,NM
1050946,Microbiologist,FL
341758,Patient Service Representative,WA
813076,Property & Casualty Collections Specialist,OK
1085146,Accounts Payable Clerk - 3 Month Assignment,AZ
1102310,Customer Service Representative,MO
674849,Insurance Sales Agent,CA
115647,Senior Business Intelligence,WI
1084861,Bookkeeper,FL
977808,Senior Counsel,FL
1023236,Software Development Engineer - Amazon Silk,WA
942575,Transportation Supervisor,MD
313485,Payroll Analyst,FL
156006,Architect,CO
967511,Data Quality Analyst,NC
676087,Truck Driver - CDL Driver Training - Truck Driving Jobs,IL
1084700,Junior Accountant,NY
556182,Purchasing,MD
911671,Full-time Teller,MO
379767,Sales Associate - Full Time - RadioShack,IL
1057578,MES Software Support Engineer,NC
629399,CNA's-All Shifts  See - Kourtney Kincade D.O.N,LA
494710,Project Manager,CT
939116,Registered Nurse - Wound Care,NM
1036530,Systems Administrator,FL
585337,CDL- A Drivers - Owner Operators,OK
528946,"Continuous Improvement Manager - Portland, OR",OR
820312,Professional,FL
470517,Retail Wireless Sales Consultant - Kirkland,WA
157374,Telecom Data Analyst,GA
888445,Management - Business Development - Operations,MD
418908,Contact Center Engineer,IL
1037889,Comml Banking Asst Rel Mgr 4,MA
480437,Office Assistant,CO
886553,Inside Sales Account Manager,IL
192975,Sales Representatives-B2B-Outside Sales,GA
598355,Resident Care Coordinator,MN
799694,Payroll Manager,CA
62238,UI / UX Designer,GA
193521,MS SQL Database Administrator/Developer,PA
34426,Online Marketing Analyst (Travel Inudstry),VA
607912,Nurses / RN / LPN for Pediatric Home Care Weekends,NJ
551316,Maintenance Technician - Laurel Square (216476-984),MD
512990,Account Managers,PA
976192,"Customer Account Representative, Now Accepting Applications for",MD
78186,MTS or SMTS Digital Audio Design,CA
248418,MH HANDLER,TN
235373,"AT&T Full Time Retail Sales Consultant - Boulder, CO (Twenty Nin",CO
1061009,Team Lead/Service Coordinator,PA
346416,Cook,PA
628392,Assistant Property Manager,FL
498891,Bilingual Japanese Real Estate Fund Support Analyst,NY
959524,Sleep Technologist II / RPSGT,CA
264123,"Warehouse/Mailroom Needed ASAP in Cincinnati, OH 45214",OH
354181,Medical Assisting Instructor - Evening,CT
772938,Project Manager,AZ
348358,Sourcing Recruiter,CO
891254,Sales Representative / General Line Automotive Sales,NY
895179,JIG Builders,KS
999996,Community Life Associate,CA
113380,Warehouse/ Shipping,PA
226751,"Staff RN - Cleveland, OH",OH
1094227,"STORE MANAGER - Lauderhill & Lauderdale Lakes, FL",FL
489666,Territory Sales Manager - Southwest Ohio,OH
693584,Sales / Franchise,TX
499934,"Manager, Data Integration/Security",IN
86832,"Manager in Training, O'Fallon, IL",IL
368142,Registered Nurses,TX
250910,Graphic Designer,CT
193304,Mid Level Java Developer for Full Time Role,CA
1015075,Global Talent Capability & Development Manager,FL
194472,Buyer/Purchasing,CA
576736,Airport Ramp Agent,MI
762746,Account Representative - Career Services,TX
1108915,Automotive Technician,AZ
265732,Human Resources Manager - Manufacturing,NC
562798,Level 1 Help Desk,CT
559076,Datawarehouse Production Support,NY
985240,Mechanical Engineer (LS-DYNA),MD
795530,Acute Care Director of Case Management- Growing LTACH System!,CA
326225,Machine Shop,IN
770578,Sales / Immediate Hire / Call NOW! 877 288 7556,NY
15385,Lead Mechanic - 2nd Shift,OH
255895,Credit Analyst (Financial Services),IL
480166,Printer / Copier Service Technician,ND
934167,License Qualifier - Master Plumbing (Oregon),OR
757507,Assistant Manager,MN
602572,Mechanical Inspector,NY
283500,Management Consulting-Business Analyst,OK
658438,Lab Tech,KS
57434,Jr. Process and Quality Assurance Specialist,WV
298125,Registered Nurses/Licensed Practical Nurses,FL
913367,IT Security Administrator,IA
2938,"Sales Representative - Vernon, CT",CT
746605,Project Manager - Senior Consultant,DC
31547,CNC LATHE / MILL MACHINIST,AZ
798393,"RN, Registered Nurse, Operating Room! $15,000 $ Bonus! NYC!",NY
6017,Engineering Manager,IL
999169,Customer Service Representative,ND
981808,C++ Developer,UT
482413,Mid/Senior Tools/Web Developer,IL
1062298,Java / J2EE Developer (Content /Portal/ Data),DC
952967,Helpdesk Technician,PA
406069,Surgical Technologist / Baptist Hospital / FT Nights,TN
284143,Customer Service Analyst,CO
186849,Occupational Therapist / OT,MD
63629,Irrigation Technician,TX
588116,Class A CDL Driver,OH
566647,Siebel Developer/Analyst,NJ
731735,Manager Trainee,FL
849063,FORKLIFT DRIVERS,IN
16935,Epic Resolute Hospital Billing Consultant,CA
406820,Account Manager - Entertainment,CA
658293,Account Manager- ‘UPGRADE’ Sales,AZ
700711,Gameroom Technician,UT
1098393,"Hospital Consultant, Clinical Care Management",GA
255686,Accounting Clerk,MO
494010,Exchange Admin,MN
151068,Automotive Collision Estimator,FL
1100531,Project Superintendent / Project Technician,IL
973521,Test Operator,MA
204002,Claims Manager (Telecommute) - US,AZ
1111824,Avon Sales Representatives,TN
385612,Retail Wireless Associate,CA
916782,Diesel Mechanic,TX
948230,Assistant Program Manager - Community Based,NY
1057999,Account Representative,AL
235514,Strategic Account Lead 3,CA
602914,Research Scientist - DARPA / DoD,PA
982255,Quality Systems Auditor,WI
116240,A&P Mechanic,TX
106690,Sr. Workforce Specialist,TX
171563,Analyst - NetBackup,MD
311607,Operations Expert,LA
1079043,ADT Security Advisor (57-222),NM
431207,Outside Sales Consultant - Senior Healthcare/Medicare Consultant,TN
340089,Sales Management Trainee,CT
581544,Senior CRM Analyst,NY
272940,Home Health Aide - HHA,OH
788999,Mechanical Engineer,NJ
1027886,Quality Senior Inspector with CMM,OH
595802,Research Manager,VA
942024,Account Manager (251-480),AL
775507,Fire Alarm Sales Associate,FL
57049,Franchise – Business Opportunity – Sales,CO
1289,Regional Sales Manager,CA
981366,DON / Director of Nursing,MA
916573,"Fraud Analyst, e-Commerce",TX
150325,RF In-Building DAS Engineer - iBwave,UT
1069418,RN Nursing Supervisor - Registered Nurse Supervisor,SD
659377,Environmental Services / Custodial Manager,CA
111641,Outside B2B Sales Representative - Great Incentives!,CA
996447,Customer Delivery Teammate,LA
864078,"General Office Associate needed in Irving, TX!",TX
269915,Now Interviewing Transportation Analyst Coordinator!!,OH
333724,Hospitality Manager,FL
255344,Entry Level Inside Sales Representatives,CT
293790,Careerbuilder Account Executive,AZ
19216,Junior - Mid Java Spring / GWT Developer,NY
116223,Java Developer,NE
508836,Kitchen Manager,FL
1047923,"Supervisor Pharmacy Ops - 3:30pm-12:00am, SUN-THURS Overland Par",KS
1011472,"Environmental, Health and Safety Manager",MI
589737,Community Relations Director - Sales / Marketing,CA
375214,Telecommunications and AV Engineer,DC
603583,"Macy's Boise Towne Square, Boise, ID: Loss Prevention/Security D",ID
470208,CMMS & Critical Spares Admin Tech,KS
885029,"Channel Program Manager, Computer Software – Eastern Region",GA
411706,Sales & Management Trainee - Salary + commissions - $45-65k+,TX
736724,Retail Personal Banker - Cross-Sell,MI
628383,Substitute & Certified Teachers,MI
974364,Community Relations Coordinator,NM
867187,Sales Representative,FL
245737,Automotive Sales Manager AND Auto F&I Manager,PA
474381,Avis Budget Group Now Hiring Maintenance and Damage Managers!,CA
146980,Delivery Driver- Class C,CA
731,Quality Engr,IL
132108,Service Center Operations Manager - Mobile,CA
472806,Division Director Clinical Resources - West Florida,FL
493700,Interactive Director need in Doral (PHP/JOOMLA/WORDPRESS),FL
241428,Clinical Program Manager,MN
540974,Customer Service Representative,OH
443357,CLASS A CDL TRUCK DRIVER,VA
51377,Sales & Marketing Professional,NC
838159,Finance Director,CA
113381,Sr. Java Developer,VA
507983,Insurance Sales Representative (Outside Sales Rep / Agent),IN
1112311,Avon Representative,NY
813235,Shop Associate,KS
535529,"AT&T Full Time Retail Sales Consultant - Zachary, LA",LA
735097,Tier I Lead,DC
581585,Promotional Vacation Agent,TX
501064,Network Operations Technician,VA
444241,"Smart, Fun, Gets Things Done - Business Analyst",CA
446170,Sales Representative Healthcare,IL
608522,RN Neonatal Intensive Care,CA
544195,"Assistant Store Manager, Brand Central - Newburgh, NY",NY
978504,"Verizon Wireless Store Manager & Consultants in Grants Pass, OR",OR
517047,Class A Driver With Hazmat,WI
594593,Sales Representatives for Avon,TX
713035,Core Java Developer,NJ
500057,Driver - OTR Truck Driver - Class A CDL,NC
115620,Operations Engineer,WA
3532,"Macy's Christiana, Newark, DE: Retail Commission Sales - Fine Je",DE
791335,Crude Operations Analyst,TX
1068645,Litigation Legal Secretary,FL
808304,Digital Media Strategist,TN
1107426,Embedded Imaging Software Developer,TX
809294,Administrative Assistant,NY
386766,Quality Program Manager (329-266),OH
113293,Marketing Coordinator,TX
811036,"Primary Care Sales Representative - Palm Beach, FL 7069 (1204243",FL
901202,Director of Engineering - Aerospace,AZ
1113652,Snr Marketing Manager,FL
742882,Territory Sales Manager,MO
955521,Admissions Representative,UT
491413,Maintenance Supervisor,TX
51408,Material Handler Lead Sr,GA
601948,HEALTHCARE OPPORTUNITIES 5 Star Staff Nursing & Rehab Facility i,NY
84811,"Program Chair, Physical Therapy",CA
458407,Director of Finance and Administration,TX
198361,ENTRY LEVEL - TRAINING PROVIDED!  Marketing/Advertising,CA
659392,Environmental Services / Custodial Operations Manager,PA
196556,Hospice Executive Director,NM
241157,Branch Sales Professional-Benefits and Training Provided!!,MS
606003,End User Support Specialist I,TX
694222,Jani-King Franchise Business Opportunity,TX
628105,Fleet Maintenance Manager,TN
845835,HIRING EVENT    April 25   Outside Sales,CA
274695,Programming Analyst/Software Engineer,NC
332284,Technology Assistant,AZ
1060495,Consultant,VA
750602,Procurement Specialist - Forward Program Specialist,WI
359078,Occupational Therapist - Full Time Job,CO
234037,Senior Staff Accountant,OH
855909,Tax Preparer,FL
618198,Sr Oracle DBA/Architect,CA
780181,Right Fax Engineer,UT
570040,Experienced Maintenance Mechanic Needed,FL
430209,ILS Admin,CO
12034,Teacher Aide I,NY
714961,Production Supervisor,CA
172202,Controller,NY
780102,Tier 1 Technical Support Agent,TX
627027,Teacher,IA
310504,CNC HAAS setup/programmer,CA
590338,Inside Sales Executive - Retention Executive,WI
627661,VISUAL MERCHANDISING MANAGER,FL
943967,Own Your Own Franchise!,PA
1059746,Educators/Teachers,FL
117249,MIG Welder,OR
116282,PHP Developer,NJ
1043033,PROCESS ENGINEER,KS
536171,Mid-Level Software Engineer - DIRECT LABOR,VA
575914,$ Entry-Level Sales Professional $ - 4582,NY
408562,SharePoint Technical Lead,WI
1035924,ACCOUNT TECHNICIAN,CA
807626,TH Instructional Support Assistant,NY
795239,UT Level III (Highly Confidential Search),WI
169600,AVIONICS LEAD ENGINEER,FL
88840,Business Analyst,IL
225892,Mobile Tool Sales / Franchise Distributor,KY
838709,Director of Finance,CA
747291,Director of Plant Operations,AR
453836,Division Order Analysts,TX
400366,Region Human Resources Representative - East Region,VA
868212,Accountant/ CPA- Pharmaceutical,NJ
820104,Documentation Specialist,CA
485957,PLUMBING SERVICE TECHNICIANS: IMMEDIATE OPENINGS!,CA
397405,"Earn $50+ A Week, Part Time: Market Research: All Qualify",FL
456554,Terminal Manager,MI
143269,Storage Administrator,TX
583041,Commercial Major Account Exec Job,TX
770664,Sales Representative / Account Executive / Commission Based,TX
262937,Technical Help desk / Phone support,TX
897357,Visual & Weigh Inspector,MI
406479,"Associate Director, Biochemistry",MA
264205,Senior Quality Assurance,KS
666992,Social Services Director,WV
235789,AT&T - Account Manager 1 - Various Locations,CT
271115,Outside Sales Account Manager,AL
829320,"Representative 2, Telesales -- Telesales, North Reading, MA",MA
938354,Principal Java Developer Team Lead-Security,MA
960244,ENTRY LEVEL POSITIONS - NEED TO BE FILLED ASAP,CA
710907,Maintenance Technician,IN
922775,Biology Instructor,AZ
635547,VA for Veterans Coaching Project Manager (41048),DC
235483,"AT&T Part Time Retail Sales Consultant -Pittsburgh, PA (City Sto",PA
397976,Software Engineers,MO
318873,C#.Net Developer,MI
914124,Senior Java Application Development Manager,NJ
1101966,Bilingual Staff Support Specialist,OH
378440,Sales Account Executive,NV
28958,IMMEDIATE OPENINGS  LOCAL ROUTES  Local company looking,TN
717845,Loss Mitigation Underwriter,TX
1066427,SIP Voice Expert,KY
266718,Project Supply Manager,OH
803136,Assistant Buyer,OH
1027099,Document Control Specialist,OH
576709,Electrical Engineer,MO
997248,Customer Service Rep,TX
869617,Sales Support Representative,NY
480510,Supply Chain Assistant,TX
188304,"Over-The-Road Truck Driver, Owner Operator",TX
860816,Nurse Practitioner,AK
98553,Software Engineer Sr. - SharePoint Developer,PA
416803,Frontend Java Developer,NJ
106560,Mental Health Counselors-JOB FAIR,VA
433033,Customer Delivery Teammate,IN
278656,DATA ANALYST,OH
679767,Wireless Sales Manager - Target Mobile,CA
983207,Maintenance Mechanic,DE
375421,"Telecom System Manager - Temple Terrace, FL",FL
509067,Technical Account Manager for Automtovie Completed Seat,MI
1103331,HVAC Service Technician,CA
1048596,"Respiratory Therapist, NP, RNs, PT, Billers, Secretary",KY
880028,Sr. Transportation Claims Adjuster,FL
145409,Clinical Manager - RN Manager,FL
348514,Customer Delivery Teammate,IL
599157,Elderly Services Care Manager,OH
434545,Division Manager - On Premise,MO
810678,Purchasing and Receiving Assistant,FL
418106,Final Line Aircraft Mechanic,GA
177256,"Assistant Store Manager – Retail, Customer Service",WI
780,Trainer-Security,IL
967500,Certified Peer Support Specialist,NC
699203,Project Manager - Turbomachinery,NY
1013445,Teach in a DC Charter School. Now Accepting Applications.,CA
652440,Eagle PACE Developer,MA
803321,"Manager, Departmental International Programs",NJ
500069,Driver - Regional Truck Driver - Class A CDL,GA
868838,Software Engineer-UI  (C++),FL
47561,Unit Supervisor/Manager,OH
544927,SALES PROFESSIONAL,TN
328688,Parts Dept. Person,TN
45580,Technical Systems Analyst V,MO
859336,District Manager,GA
502295,Quality Assurance Representative - Part Time,CA
64315,Rep-Retail Sales,FL
986017,Sr. Software Engineer,CA
1025492,Java Application Developer,IL
306314,Executive Assistant,PA
1074056,Masseuse/Personal Assistant/Beautician,NV
13623,RN / Nurse,OH
818992,Custodian,GA
982644,Plumbing Department Director,TX
200470,Software Engineer,CA
663366,Business Analyst (66-517),MN
1114667,Occupational Therapy Assistant / COTA - Innovative Senior Care,TN
930654,HR Generalist,TX
771890,Vice President of Nursing/Patient Care,IL
380477,Sales / Fitness & Health,CA
934649,LPN & LVN,PA
899185,Structural Drafter,MO
1065118,Attorney - Senior Litigator,FL
319108,T-SQL Developer,CO
624293,AP Assistant Supervisor,SC
693283,Sales / Franchise,IL
661416,Kronos Implementation Specialist - Yoh,NY
674855,Insurance Sales Agent,AZ
213440,"Tech II, Health Sys Phrm (Full Time)",AZ
712085,Sales and Care/Call Center Rep.,MO
785786,Marketing Analyst,FL
221685,New Restaurant Opening - Hiring Servers - Cooks - Bartenders,KS
326142,Life Insurance Agent - Sales - Marketing - Insurance,MS
375366,SAP SCM SNP Systems Analyst 149981,OR
96613,Earn Up to $75 week. Online market research - All Qualify,VA
938319,QA Senior Performance Analyst,MA
714046,Civil Engineer,PA
717674,Network Engineer,IL
718482,Basic Machine Operator,WI
220482,"Superintendent, Maintenance Reliability Analysis/Improvement",AZ
1115226,Accounts Receivable External Analyst,WI
521264,Cashier - Roy Rogers,NJ
272025,Store Manager - Automotive - Sales,WA
687347,"Systems Administrator, Systems Support SAM'S",AR
334871,Nurse Practitioner - Neurology Job,DE
334731,Housekeeper - part-time relief employee needed,WI
75201,Training Project Manager 18420,WA
413910,Eviction Specialist,CO
945740,Production Technician - Generator Repair - MIG Welder,CA
144461,System Administrator,FL
674830,Credit Balance Specialist,FL
976250,"Customer Account Representative - #2124 - Winnsboro, SC",SC
855789,Accounts Payable Clerk,CA
195305,Case Manager--RN,IL
86726,"Trainee Hourly WM Store 4321 Wichita, KS",KS
690402,"Operations Supervisor- Distribution- Ottawa, IL",IL
575621,"Team Leader, Category Management",AR
109892,Jani-King Franchise Business Opportunity,CA
27513,LOAN OFFICER,MN
658483,Human Resource Assistant-Recruiting,CA
1072209,Full Charge Bookkeeper,NY
716309,Customer Service Representative,MO
412746,Entry Level Finance Accounting,AL
1098254,Sales Manager - Western Hemisphere,TX
531366,"MAC Coordinator I - Salem, New Hampshire",NH
850306,FL - RN or LPN / Home Care / Nurse Needed,FL
757649,Staffing Manager / Business Development Manager / Recruiter,TN
63084,Receptionist/Office Administrator,MD
238839,Portfolio Manager,WI
1063465,Mobile Tool Sales / Franchise Distributor,IL
1032815,Customer Service - Sales Representative - Part Time Work,IN
965125,Sharepoint Administrator,CT
867993,Senior Systems Engineer I-II or Consulting Systems Engineer I,TX
1029862,Mechanic,IN
672704,Associate General Manager / Kitchen Manager,AZ
141153,Receptionist-Physician Practice,TX
1045572,Systems Engineer - Permanent,WV
868887,"Branch Office Administrator-Vashon Island, WA-Branch 07573",WA
826446,"Nurse Manager, Employee Health / Occupational Health, $85K+ Relo",TX
311229,B2B Web Project Manager,NC
598230,Sr. Interactive Designer,WA
471002,Sales Representative / Entry Level,FL
1065498,Pharmaceutical Sales Representative–Outside Sales Representative,VA
461006,"Bloomingdale's 59th St. NYC, NY: Sandro - Retail Sales Professio",NY
983219,Infrastructure Manager,FL
387350,Staff Pharm (exempt),IN
674479,Sales Associate,CA
1095737,Entry Level/ Customer Service/ Management,DE
984175,Loss Mitigation Underwriter,TX
609386,"Regional Supervisor 1 - FiNet, Wells Fargo Advisors",MO
831385,Loan Officer - TX - Richland Hills Branch,TX
531337,"Personal Banker - WI, Lake Geneva",WI
147089,Assistant Manager - Bi-lingual,CA
246121,Medical Assisting Program Director - Las Vegas,NV
571499,Sales / Preset Appointments / Account Manager,FL
434317,Scheduling Manager,AZ
151383,Physical Therapist,IN
762189,Music Instructor,NE
1053173,"ENTRY LEVEL MANAGEMENT -- PAID TRAINING, FULL TIME",MO
913495,Business Analyst,NY
1029081,Project Manager with PIM & DAM,IL
644491,Customer Service Representative - Utilization Coordinator,IL
160045,Washington Sports Clubs Hiring Event - 3/27 @ K Street location,DC
977690,Contract Attorney,NY
82251,OneMain Financial (FSN) Consumer Finance Sales Representative  -,KY
692002,Network Engineer,MO
261616,Staffing Consultant (Manufacturing and Engineering),NY
1830,EXPANDING Rehab Dept PT/ PTA/ OT/ COTA/ SLP PartTime or,NY
713717,Bilingual Account Manager,WI
51959,Clinical Consultant,TX
87317,G_Orderfiller - Dry,PA
338740,Senior Analyst Database Management,IL
739313,B2B Sales Consultant,CA
